social_id,social_type_id,email,username,gender,age,profile_image, 
342341,1,rkdfnql@mail.com,강루비,female,1,https://youth1.com/sites/all/themes/youth1_2016/images/avatar-default.jpg, 
342342,1,rkdwlstn@mail.com,강진수,male,2,https://youth1.com/sites/all/themes/youth1_2016/images/avatar-default.jpg, 
342343,1,rlaeogh@mail.com,김대호,male,3,https://youth1.com/sites/all/themes/youth1_2016/images/avatar-default.jpg, 
342344,1,rlatjdtlr@mail.com,김성식,male,1,https://youth1.com/sites/all/themes/youth1_2016/images/avatar-default.jpg, 
342345,1,rladmdtn@mail.com,김응수,male,2,https://youth1.com/sites/all/themes/youth1_2016/images/avatar-default.jpg, 
342346,1,rlawjdgns@mail.com,김정훈,male,3,https://youth1.com/sites/all/themes/youth1_2016/images/avatar-default.jpg, 
342347,1,rlawldnjs@mail.com,김지원,female,1,https://youth1.com/sites/all/themes/youth1_2016/images/avatar-default.jpg, 
342348,1,rlagytjd@mail.com,김효성,male,3,https://youth1.com/sites/all/themes/youth1_2016/images/avatar-default.jpg, 
342349,1,skawkdgus@mail.com,남장현,male,1,https://youth1.com/sites/all/themes/youth1_2016/images/avatar-default.jpg, 
342350,1,fkdyd@mail.com,라용,male,2,https://youth1.com/sites/all/themes/youth1_2016/images/avatar-default.jpg, 
342351,1,qkrdudxo@mail.com,박영태,male,3,https://youth1.com/sites/all/themes/youth1_2016/images/avatar-default.jpg, 
342352,1,qorbska@mail.com,배규남,male,1,https://youth1.com/sites/all/themes/youth1_2016/images/avatar-default.jpg, 
342353,1,tjdwhdghk@mail.com,성종화,male,2,https://youth1.com/sites/all/themes/youth1_2016/images/avatar-default.jpg, 
342354,1,tlswndks@mail.com,신주안,male,3,https://youth1.com/sites/all/themes/youth1_2016/images/avatar-default.jpg, 
342355,1,tlswldbs@mail.com,신지윤,female,1,https://youth1.com/sites/all/themes/youth1_2016/images/avatar-default.jpg, 
342356,1,dksskfk@mail.com,안나라,female,3,https://youth1.com/sites/all/themes/youth1_2016/images/avatar-default.jpg, 
342357,1,dkstnwls@mail.com,안수진,female,1,https://youth1.com/sites/all/themes/youth1_2016/images/avatar-default.jpg, 
342358,1,didtjrans@mail.com,양석문,male,2,https://youth1.com/sites/all/themes/youth1_2016/images/avatar-default.jpg, 
342359,1,dnlwjddn@mail.com,위정우,male,3,https://youth1.com/sites/all/themes/youth1_2016/images/avatar-default.jpg, 
342360,1,dlruddms@mail.com,이경은,female,1,https://youth1.com/sites/all/themes/youth1_2016/images/avatar-default.jpg, 
342361,1,dltmdgns@mail.com,이승훈,male,2,https://youth1.com/sites/all/themes/youth1_2016/images/avatar-default.jpg, 
342362,1,dldbwls@mail.com,이유진,female,3,https://youth1.com/sites/all/themes/youth1_2016/images/avatar-default.jpg, 
342363,1,dldbstmd@mail.com,이윤승,male,1,https://youth1.com/sites/all/themes/youth1_2016/images/avatar-default.jpg, 
342364,1,dlwogh@mail.com,이재호,male,3,https://youth1.com/sites/all/themes/youth1_2016/images/avatar-default.jpg, 
342365,1,wkdrltjr@mail.com,장기석,male,1,https://youth1.com/sites/all/themes/youth1_2016/images/avatar-default.jpg, 
342366,1,wkdanswjd@mail.com,장문정,female,2,https://youth1.com/sites/all/themes/youth1_2016/images/avatar-default.jpg, 
342367,1,wjdekdud@mail.com,정다영,female,3,https://youth1.com/sites/all/themes/youth1_2016/images/avatar-default.jpg, 
342368,1,wjdtmdfuf@mail.com,정승렬,male,1,https://youth1.com/sites/all/themes/youth1_2016/images/avatar-default.jpg, 
342369,1,wjddnwls@mail.com,정우진,male,2,https://youth1.com/sites/all/themes/youth1_2016/images/avatar-default.jpg, 
342370,1,wjddbsdk@mail.com,정윤아,female,3,https://youth1.com/sites/all/themes/youth1_2016/images/avatar-default.jpg, 
342371,1,wjddlsgh@mail.com,정인호,male,1,https://youth1.com/sites/all/themes/youth1_2016/images/avatar-default.jpg, 
342372,1,whrudcks@mail.com,조경찬,male,3,https://youth1.com/sites/all/themes/youth1_2016/images/avatar-default.jpg, 
342373,1,whwogus@mail.com,조재현,male,1,https://youth1.com/sites/all/themes/youth1_2016/images/avatar-default.jpg, 
342374,1,whwnsgud@mail.com,조준형,male,2,https://youth1.com/sites/all/themes/youth1_2016/images/avatar-default.jpg, 
342375,1,wngPfls@mail.com,주혜린,female,3,https://youth1.com/sites/all/themes/youth1_2016/images/avatar-default.jpg, 
342376,1,chlwndnjs@mail.com,최주원,male,1,https://youth1.com/sites/all/themes/youth1_2016/images/avatar-default.jpg, 
342377,1,chlwlsdn@mail.com,최진우,male,2,https://youth1.com/sites/all/themes/youth1_2016/images/avatar-default.jpg, 
342378,1,cnwogh@mail.com,추재호,male,3,https://youth1.com/sites/all/themes/youth1_2016/images/avatar-default.jpg, 